"","Current Country of Residence","ind"
"116","DACH","Balcony"
"313","United States","Balcony"
"668","DACH","Balcony"
"1209","DACH","Balcony"
"1381","DACH","Basement"
"1397","United States","Basement"
"1441","United States","Basement"
"1479","United States","Basement"
"1521","United Kingdom","Basement"
"1581","United States","Basement"
"1601","DACH","Basement"
"1604","DACH","Basement"
"1618","United States","Basement"
"1623","United States","Basement"
"1645","United States","Basement"
"1683","United States","Basement"
"1715","DACH","Basement"
"1959","DACH","Basement"
"2006","United Kingdom","Basement"
"2089","United States","Basement"
"2157","DACH","Basement"
"2210","United States","Basement"
"2258","DACH","Basement"
"2263","United States","Basement"
"2304","DACH","Basement"
"2319","DACH","Basement"
"2384","United States","Basement"
"2396","United Kingdom","Basement"
"2420","United States","Basement"
"2452","DACH","Basement"
"2474","DACH","Basement"
"2515","United States","Basement"
"2571","United States","Basement"
"2591","DACH","Basement"
"2648","United Kingdom","Children's Room"
"2705","United States","Children's Room"
"2830","DACH","Children's Room"
"2838","DACH","Children's Room"
"2856","United States","Children's Room"
"2966","DACH","Children's Room"
"2977","United States","Children's Room"
"3031","DACH","Children's Room"
"3217","United Kingdom","Children's Room"
"3433","United Kingdom","Children's Room"
"3597","United States","Children's Room"
"3779","DACH","Children's Room"
"3836","DACH","Children's Room"
"3901","DACH","Children's Room"
"3923","United Kingdom","Dining Room"
"3937","United Kingdom","Dining Room"
"3941","United States","Dining Room"
"3945","United States","Dining Room"
"3959","United Kingdom","Dining Room"
"3970","United States","Dining Room"
"4006","DACH","Dining Room"
"4030","DACH","Dining Room"
"4032","United States","Dining Room"
"4061","DACH","Dining Room"
"4092","United Kingdom","Dining Room"
"4100","DACH","Dining Room"
"4112","DACH","Dining Room"
"4125","United States","Dining Room"
"4136","United Kingdom","Dining Room"
"4161","United States","Dining Room"
"4168","United Kingdom","Dining Room"
"4202","United Kingdom","Dining Room"
"4208","United States","Dining Room"
"4222","United Kingdom","Dining Room"
"4228","United States","Dining Room"
"4231","DACH","Dining Room"
"4262","DACH","Dining Room"
"4265","United States","Dining Room"
"4277","United States","Dining Room"
"4282","United States","Dining Room"
"4295","DACH","Dining Room"
"4336","DACH","Dining Room"
"4365","United States","Dining Room"
"4396","United States","Dining Room"
"4632","United States","Dining Room"
"4767","DACH","Dining Room"
"4914","DACH","Dining Room"
"4947","United States","Dining Room"
"4997","United Kingdom","Dining Room"
"5038","United Kingdom","Dining Room"
"5062","DACH","Dining Room"
"5063","United Kingdom","Dining Room"
"5132","DACH","Dining Room"
"5144","DACH","Dining Room"
"5184","DACH","Dining Room"
"5190","United Kingdom","Dining Room"
"5201","DACH","Dining Room"
"5204","DACH","Dining Room"
"5205","DACH","Dining Room"
"5246","United States","Garage"
"5399","DACH","Garage"
"5410","United Kingdom","Garage"
"5455","United Kingdom","Garage"
"5487","United Kingdom","Garage"
"5533","United States","Garage"
"5558","United States","Garage"
"5582","United States","Garage"
"5583","United Kingdom","Garage"
"5703","DACH","Garage"
"5718","United States","Garage"
"5814","United States","Garage"
"5921","United Kingdom","Garage"
"6053","United States","Garage"
"6218","United Kingdom","Garage"
"6252","United States","Garage"
"6335","United States","Garage"
"6405","United States","Garage"
"6429","DACH","Garage"
"6430","United States","Garage"
"6694","United States","Guest Bedroom"
"6771","United States","Guest Bedroom"
"6824","DACH","Guest Bedroom"
"6887","United States","Guest Bedroom"
"6892","United States","Guest Bedroom"
"6912","United States","Guest Bedroom"
"7006","United States","Guest Bedroom"
"7242","United States","Guest Bedroom"
"7490","United States","Guest Bedroom"
"7672","DACH","Guest Bedroom"
"7694","DACH","Guest Bedroom"
"7754","DACH","Guest Bedroom"
"7756","DACH","Guest Bedroom"
"7798","United Kingdom","Guest Bedroom"
"7811","DACH","Guest Bedroom"
"7856","United States","Hallway"
"7862","United Kingdom","Hallway"
"7877","DACH","Hallway"
"7879","United Kingdom","Hallway"
"7881","United Kingdom","Hallway"
"7903","DACH","Hallway"
"7919","DACH","Hallway"
"7928","United Kingdom","Hallway"
"7937","United Kingdom","Hallway"
"7939","DACH","Hallway"
"7959","DACH","Hallway"
"7994","United States","Hallway"
"8007","United Kingdom","Hallway"
"8027","DACH","Hallway"
"8030","United Kingdom","Hallway"
"8031","United Kingdom","Hallway"
"8043","United Kingdom","Hallway"
"8053","United Kingdom","Hallway"
"8055","DACH","Hallway"
"8076","United States","Hallway"
"8078","United Kingdom","Hallway"
"8094","DACH","Hallway"
"8102","United Kingdom","Hallway"
"8119","United Kingdom","Hallway"
"8140","DACH","Hallway"
"8143","United States","Hallway"
"8145","United States","Hallway"
"8154","DACH","Hallway"
"8158","United Kingdom","Hallway"
"8168","United States","Hallway"
"8178","United States","Hallway"
"8192","United States","Hallway"
"8196","United Kingdom","Hallway"
"8197","United States","Hallway"
"8207","United States","Hallway"
"8209","DACH","Hallway"
"8226","United States","Hallway"
"8233","United Kingdom","Hallway"
"8286","United Kingdom","Hallway"
"8311","United States","Hallway"
"8327","DACH","Hallway"
"8328","United States","Hallway"
"8501","United Kingdom","Hallway"
"8651","United States","Hallway"
"8682","DACH","Hallway"
"8700","DACH","Hallway"
"8720","United Kingdom","Hallway"
"8734","DACH","Hallway"
"8740","United States","Hallway"
"8754","United Kingdom","Hallway"
"8787","DACH","Hallway"
"8823","United Kingdom","Hallway"
"8828","United Kingdom","Hallway"
"8829","DACH","Hallway"
"8864","United States","Hallway"
"8890","United Kingdom","Hallway"
"8900","United Kingdom","Hallway"
"8945","United States","Hallway"
"8952","United States","Hallway"
"8959","DACH","Hallway"
"8971","United Kingdom","Hallway"
"8997","United States","Hallway"
"9000","United Kingdom","Hallway"
"9016","DACH","Hallway"
"9052","DACH","Hallway"
"9053","DACH","Hallway"
"9059","DACH","Hallway"
"9060","United Kingdom","Hallway"
"9077","United States","Hallway"
"9084","DACH","Hallway"
"9116","DACH","Hallway"
"9131","DACH","Hallway"
"9137","United States","Kitchen"
"9142","United Kingdom","Kitchen"
"9151","DACH","Kitchen"
"9158","United Kingdom","Kitchen"
"9159","DACH","Kitchen"
"9161","United States","Kitchen"
"9166","United Kingdom","Kitchen"
"9168","United Kingdom","Kitchen"
"9173","United Kingdom","Kitchen"
"9176","United Kingdom","Kitchen"
"9177","DACH","Kitchen"
"9185","United States","Kitchen"
"9189","United Kingdom","Kitchen"
"9194","United States","Kitchen"
"9196","United Kingdom","Kitchen"
"9199","United States","Kitchen"
"9202","United Kingdom","Kitchen"
"9209","DACH","Kitchen"
"9215","DACH","Kitchen"
"9226","DACH","Kitchen"
"9239","United States","Kitchen"
"9254","United States","Kitchen"
"9264","DACH","Kitchen"
"9272","DACH","Kitchen"
"9274","DACH","Kitchen"
"9276","DACH","Kitchen"
"9278","United Kingdom","Kitchen"
"9291","DACH","Kitchen"
"9303","United Kingdom","Kitchen"
"9312","United Kingdom","Kitchen"
"9314","DACH","Kitchen"
"9317","United Kingdom","Kitchen"
"9318","United Kingdom","Kitchen"
"9326","United Kingdom","Kitchen"
"9332","DACH","Kitchen"
"9341","United States","Kitchen"
"9343","United States","Kitchen"
"9349","United Kingdom","Kitchen"
"9353","United Kingdom","Kitchen"
"9365","United States","Kitchen"
"9369","United States","Kitchen"
"9373","United Kingdom","Kitchen"
"9374","United Kingdom","Kitchen"
"9375","United Kingdom","Kitchen"
"9378","DACH","Kitchen"
"9381","United States","Kitchen"
"9385","United States","Kitchen"
"9386","United Kingdom","Kitchen"
"9388","United Kingdom","Kitchen"
"9398","DACH","Kitchen"
"9403","United Kingdom","Kitchen"
"9406","United Kingdom","Kitchen"
"9414","United States","Kitchen"
"9427","United Kingdom","Kitchen"
"9438","United States","Kitchen"
"9441","United States","Kitchen"
"9448","United States","Kitchen"
"9465","DACH","Kitchen"
"9467","DACH","Kitchen"
"9485","United States","Kitchen"
"9487","DACH","Kitchen"
"9492","United States","Kitchen"
"9493","United States","Kitchen"
"9494","DACH","Kitchen"
"9497","United States","Kitchen"
"9506","United Kingdom","Kitchen"
"9520","United States","Kitchen"
"9526","United States","Kitchen"
"9547","DACH","Kitchen"
"9549","DACH","Kitchen"
"9559","United States","Kitchen"
"9560","United Kingdom","Kitchen"
"9573","United Kingdom","Kitchen"
"9585","United States","Kitchen"
"9589","United States","Kitchen"
"9597","DACH","Kitchen"
"9616","United States","Kitchen"
"9622","United Kingdom","Kitchen"
"9642","DACH","Kitchen"
"9676","United States","Kitchen"
"9696","United Kingdom","Kitchen"
"9730","United Kingdom","Kitchen"
"9736","United Kingdom","Kitchen"
"9754","DACH","Kitchen"
"9794","United States","Kitchen"
"9921","DACH","Kitchen"
"9943","DACH","Kitchen"
"9959","DACH","Kitchen"
"9978","United States","Kitchen"
"9985","DACH","Kitchen"
"9987","DACH","Kitchen"
"9997","United Kingdom","Kitchen"
"9998","United States","Kitchen"
"10007","United States","Kitchen"
"10017","United States","Kitchen"
"10034","DACH","Kitchen"
"10036","United Kingdom","Kitchen"
"10046","United Kingdom","Kitchen"
"10055","United States","Kitchen"
"10066","United Kingdom","Kitchen"
"10072","United Kingdom","Kitchen"
"10073","United States","Kitchen"
"10091","United Kingdom","Kitchen"
"10103","United Kingdom","Kitchen"
"10110","DACH","Kitchen"
"10127","DACH","Kitchen"
"10134","DACH","Kitchen"
"10154","DACH","Kitchen"
"10168","United Kingdom","Kitchen"
"10182","United Kingdom","Kitchen"
"10184","DACH","Kitchen"
"10187","United Kingdom","Kitchen"
"10191","DACH","Kitchen"
"10217","United Kingdom","Kitchen"
"10218","United Kingdom","Kitchen"
"10227","DACH","Kitchen"
"10245","United Kingdom","Kitchen"
"10246","United States","Kitchen"
"10250","United States","Kitchen"
"10259","United States","Kitchen"
"10264","DACH","Kitchen"
"10267","United Kingdom","Kitchen"
"10272","United Kingdom","Kitchen"
"10274","DACH","Kitchen"
"10275","United States","Kitchen"
"10282","DACH","Kitchen"
"10283","United Kingdom","Kitchen"
"10293","United Kingdom","Kitchen"
"10336","United Kingdom","Kitchen"
"10342","United States","Kitchen"
"10345","United States","Kitchen"
"10352","DACH","Kitchen"
"10364","DACH","Kitchen"
"10375","DACH","Kitchen"
"10399","United Kingdom","Kitchen"
"10410","United Kingdom","Kitchen"
"10415","DACH","Kitchen"
"10416","DACH","Kitchen"
"10424","DACH","Kitchen"
"10425","DACH","Kitchen"
"10426","DACH","Kitchen"
"10445","United Kingdom","Living Room"
"10449","United Kingdom","Living Room"
"10450","United Kingdom","Living Room"
"10451","United Kingdom","Living Room"
"10452","United States","Living Room"
"10453","United Kingdom","Living Room"
"10457","United Kingdom","Living Room"
"10458","United States","Living Room"
"10460","United Kingdom","Living Room"
"10463","United Kingdom","Living Room"
"10465","United States","Living Room"
"10466","United States","Living Room"
"10468","DACH","Living Room"
"10469","DACH","Living Room"
"10470","United States","Living Room"
"10474","DACH","Living Room"
"10475","United States","Living Room"
"10476","United Kingdom","Living Room"
"10477","United Kingdom","Living Room"
"10478","United Kingdom","Living Room"
"10479","United Kingdom","Living Room"
"10480","United States","Living Room"
"10483","United Kingdom","Living Room"
"10484","United Kingdom","Living Room"
"10487","DACH","Living Room"
"10493","United States","Living Room"
"10496","United States","Living Room"
"10497","United Kingdom","Living Room"
"10498","United Kingdom","Living Room"
"10499","United States","Living Room"
"10505","DACH","Living Room"
"10506","United Kingdom","Living Room"
"10508","United States","Living Room"
"10510","United Kingdom","Living Room"
"10511","DACH","Living Room"
"10517","DACH","Living Room"
"10519","United States","Living Room"
"10521","United Kingdom","Living Room"
"10522","DACH","Living Room"
"10525","United Kingdom","Living Room"
"10526","United Kingdom","Living Room"
"10527","DACH","Living Room"
"10528","United States","Living Room"
"10530","DACH","Living Room"
"10531","DACH","Living Room"
"10532","United States","Living Room"
"10534","United States","Living Room"
"10536","DACH","Living Room"
"10539","United Kingdom","Living Room"
"10540","United States","Living Room"
"10543","United States","Living Room"
"10545","DACH","Living Room"
"10548","DACH","Living Room"
"10552","DACH","Living Room"
"10555","DACH","Living Room"
"10560","DACH","Living Room"
"10561","DACH","Living Room"
"10562","DACH","Living Room"
"10563","United Kingdom","Living Room"
"10564","United Kingdom","Living Room"
"10565","United States","Living Room"
"10567","United Kingdom","Living Room"
"10569","DACH","Living Room"
"10571","DACH","Living Room"
"10572","United States","Living Room"
"10573","United States","Living Room"
"10574","United Kingdom","Living Room"
"10575","United States","Living Room"
"10578","DACH","Living Room"
"10580","DACH","Living Room"
"10582","United States","Living Room"
"10584","DACH","Living Room"
"10587","United Kingdom","Living Room"
"10588","United Kingdom","Living Room"
"10589","DACH","Living Room"
"10590","United Kingdom","Living Room"
"10591","DACH","Living Room"
"10595","United Kingdom","Living Room"
"10598","United Kingdom","Living Room"
"10601","United Kingdom","Living Room"
"10602","United States","Living Room"
"10605","United States","Living Room"
"10607","United States","Living Room"
"10610","United States","Living Room"
"10611","United States","Living Room"
"10613","DACH","Living Room"
"10616","United States","Living Room"
"10617","United Kingdom","Living Room"
"10618","DACH","Living Room"
"10619","DACH","Living Room"
"10620","United Kingdom","Living Room"
"10621","DACH","Living Room"
"10625","DACH","Living Room"
"10629","DACH","Living Room"
"10632","DACH","Living Room"
"10633","United Kingdom","Living Room"
"10635","DACH","Living Room"
"10636","United Kingdom","Living Room"
"10637","DACH","Living Room"
"10638","United Kingdom","Living Room"
"10644","United States","Living Room"
"10647","United Kingdom","Living Room"
"10651","DACH","Living Room"
"10652","United Kingdom","Living Room"
"10655","United Kingdom","Living Room"
"10662","DACH","Living Room"
"10667","United Kingdom","Living Room"
"10669","United States","Living Room"
"10672","DACH","Living Room"
"10674","United States","Living Room"
"10679","United Kingdom","Living Room"
"10682","United Kingdom","Living Room"
"10683","DACH","Living Room"
"10684","DACH","Living Room"
"10686","United States","Living Room"
"10687","DACH","Living Room"
"10695","United States","Living Room"
"10696","DACH","Living Room"
"10697","United Kingdom","Living Room"
"10699","DACH","Living Room"
"10701","United States","Living Room"
"10702","United Kingdom","Living Room"
"10705","United States","Living Room"
"10709","DACH","Living Room"
"10710","United States","Living Room"
"10714","United States","Living Room"
"10715","United Kingdom","Living Room"
"10717","DACH","Living Room"
"10718","United Kingdom","Living Room"
"10720","United Kingdom","Living Room"
"10721","United Kingdom","Living Room"
"10723","United States","Living Room"
"10724","United States","Living Room"
"10725","United States","Living Room"
"10730","United Kingdom","Living Room"
"10731","United Kingdom","Living Room"
"10733","United States","Living Room"
"10737","United States","Living Room"
"10738","DACH","Living Room"
"10739","DACH","Living Room"
"10740","United Kingdom","Living Room"
"10741","United Kingdom","Living Room"
"10744","United Kingdom","Living Room"
"10745","United Kingdom","Living Room"
"10749","United Kingdom","Living Room"
"10750","DACH","Living Room"
"10751","United Kingdom","Living Room"
"10752","United States","Living Room"
"10753","United States","Living Room"
"10754","United Kingdom","Living Room"
"10759","United States","Living Room"
"10760","United Kingdom","Living Room"
"10762","United Kingdom","Living Room"
"10765","United Kingdom","Living Room"
"10766","United States","Living Room"
"10767","DACH","Living Room"
"10771","United Kingdom","Living Room"
"10774","United States","Living Room"
"10775","DACH","Living Room"
"10778","United States","Living Room"
"10779","DACH","Living Room"
"10782","United States","Living Room"
"10783","United States","Living Room"
"10784","DACH","Living Room"
"10790","United States","Living Room"
"10793","DACH","Living Room"
"10795","United States","Living Room"
"10798","United States","Living Room"
"10800","United Kingdom","Living Room"
"10802","United States","Living Room"
"10804","United Kingdom","Living Room"
"10805","United Kingdom","Living Room"
"10807","United States","Living Room"
"10808","United States","Living Room"
"10809","United Kingdom","Living Room"
"10810","DACH","Living Room"
"10812","DACH","Living Room"
"10814","United States","Living Room"
"10815","DACH","Living Room"
"10820","DACH","Living Room"
"10821","United States","Living Room"
"10824","DACH","Living Room"
"10830","DACH","Living Room"
"10833","United States","Living Room"
"10834","United Kingdom","Living Room"
"10835","United States","Living Room"
"10836","United States","Living Room"
"10837","DACH","Living Room"
"10839","DACH","Living Room"
"10840","DACH","Living Room"
"10845","United Kingdom","Living Room"
"10851","DACH","Living Room"
"10852","DACH","Living Room"
"10853","DACH","Living Room"
"10856","DACH","Living Room"
"10858","DACH","Living Room"
"10859","DACH","Living Room"
"10860","DACH","Living Room"
"10861","DACH","Living Room"
"10862","DACH","Living Room"
"10869","United States","Living Room"
"10871","DACH","Living Room"
"10872","United Kingdom","Living Room"
"10873","United States","Living Room"
"10874","United States","Living Room"
"10881","United States","Living Room"
"10920","DACH","Living Room"
"10921","United States","Living Room"
"10935","United Kingdom","Living Room"
"10988","United States","Living Room"
"11032","DACH","Living Room"
"11078","United Kingdom","Living Room"
"11092","United States","Living Room"
"11170","United States","Living Room"
"11177","United States","Living Room"
"11192","United States","Living Room"
"11196","United Kingdom","Living Room"
"11226","DACH","Living Room"
"11264","DACH","Living Room"
"11277","United States","Living Room"
"11292","DACH","Living Room"
"11315","United Kingdom","Living Room"
"11317","United Kingdom","Living Room"
"11318","United Kingdom","Living Room"
"11319","United Kingdom","Living Room"
"11323","United Kingdom","Living Room"
"11324","United States","Living Room"
"11326","DACH","Living Room"
"11333","United Kingdom","Living Room"
"11335","United States","Living Room"
"11336","United States","Living Room"
"11340","United States","Living Room"
"11343","United Kingdom","Living Room"
"11346","United Kingdom","Living Room"
"11347","United Kingdom","Living Room"
"11348","United Kingdom","Living Room"
"11349","United Kingdom","Living Room"
"11352","DACH","Living Room"
"11353","United Kingdom","Living Room"
"11354","United Kingdom","Living Room"
"11357","DACH","Living Room"
"11359","United Kingdom","Living Room"
"11366","United States","Living Room"
"11367","United Kingdom","Living Room"
"11374","United States","Living Room"
"11375","DACH","Living Room"
"11376","United Kingdom","Living Room"
"11377","United Kingdom","Living Room"
"11385","United Kingdom","Living Room"
"11386","DACH","Living Room"
"11389","United States","Living Room"
"11390","DACH","Living Room"
"11395","United Kingdom","Living Room"
"11399","DACH","Living Room"
"11400","DACH","Living Room"
"11401","DACH","Living Room"
"11410","United States","Living Room"
"11411","United States","Living Room"
"11412","United States","Living Room"
"11420","United States","Living Room"
"11421","United States","Living Room"
"11422","DACH","Living Room"
"11425","DACH","Living Room"
"11426","DACH","Living Room"
"11427","United States","Living Room"
"11439","DACH","Living Room"
"11441","DACH","Living Room"
"11443","United States","Living Room"
"11448","DACH","Living Room"
"11449","DACH","Living Room"
"11450","DACH","Living Room"
"11451","DACH","Living Room"
"11453","United Kingdom","Living Room"
"11455","United Kingdom","Living Room"
"11456","DACH","Living Room"
"11460","United Kingdom","Living Room"
"11461","DACH","Living Room"
"11463","United States","Living Room"
"11468","United Kingdom","Living Room"
"11473","United Kingdom","Living Room"
"11480","United States","Living Room"
"11483","DACH","Living Room"
"11484","United States","Living Room"
"11491","DACH","Living Room"
"11493","United Kingdom","Living Room"
"11502","DACH","Living Room"
"11505","DACH","Living Room"
"11506","United Kingdom","Living Room"
"11509","United States","Living Room"
"11512","DACH","Living Room"
"11516","United States","Living Room"
"11518","United States","Living Room"
"11522","United Kingdom","Living Room"
"11525","United Kingdom","Living Room"
"11533","United Kingdom","Living Room"
"11535","DACH","Living Room"
"11538","DACH","Living Room"
"11544","United States","Living Room"
"11555","United States","Living Room"
"11558","United Kingdom","Living Room"
"11560","United States","Living Room"
"11561","United Kingdom","Living Room"
"11569","DACH","Living Room"
"11570","United Kingdom","Living Room"
"11571","United States","Living Room"
"11573","DACH","Living Room"
"11574","DACH","Living Room"
"11575","United States","Living Room"
"11578","United Kingdom","Living Room"
"11585","United Kingdom","Living Room"
"11586","United States","Living Room"
"11587","DACH","Living Room"
"11588","United Kingdom","Living Room"
"11589","United States","Living Room"
"11590","United Kingdom","Living Room"
"11593","United States","Living Room"
"11597","United Kingdom","Living Room"
"11598","United Kingdom","Living Room"
"11599","United Kingdom","Living Room"
"11600","United Kingdom","Living Room"
"11602","United Kingdom","Living Room"
"11603","United States","Living Room"
"11608","DACH","Living Room"
"11609","DACH","Living Room"
"11611","United Kingdom","Living Room"
"11614","United Kingdom","Living Room"
"11618","United Kingdom","Living Room"
"11619","United Kingdom","Living Room"
"11620","DACH","Living Room"
"11623","United States","Living Room"
"11624","United Kingdom","Living Room"
"11632","United Kingdom","Living Room"
"11633","United States","Living Room"
"11634","DACH","Living Room"
"11637","DACH","Living Room"
"11638","United Kingdom","Living Room"
"11640","DACH","Living Room"
"11643","United States","Living Room"
"11644","United States","Living Room"
"11646","United Kingdom","Living Room"
"11650","United States","Living Room"
"11652","United States","Living Room"
"11654","DACH","Living Room"
"11655","United Kingdom","Living Room"
"11657","DACH","Living Room"
"11660","United States","Living Room"
"11664","United Kingdom","Living Room"
"11666","DACH","Living Room"
"11667","United States","Living Room"
"11669","DACH","Living Room"
"11672","United States","Living Room"
"11673","United Kingdom","Living Room"
"11676","United Kingdom","Living Room"
"11679","United Kingdom","Living Room"
"11680","DACH","Living Room"
"11681","United Kingdom","Living Room"
"11682","DACH","Living Room"
"11684","United States","Living Room"
"11685","DACH","Living Room"
"11686","United States","Living Room"
"11688","United States","Living Room"
"11690","DACH","Living Room"
"11693","United Kingdom","Living Room"
"11702","United States","Living Room"
"11706","United States","Living Room"
"11715","United Kingdom","Living Room"
"11720","DACH","Living Room"
"11721","DACH","Living Room"
"11722","DACH","Living Room"
"11723","DACH","Living Room"
"11724","DACH","Living Room"
"11726","DACH","Living Room"
"11728","DACH","Living Room"
"11729","DACH","Living Room"
"11730","DACH","Living Room"
"11731","DACH","Living Room"
"11734","United States","Living Room"
"11742","United Kingdom","Living Room"
"11752","United Kingdom","Master Bedroom"
"11774","DACH","Master Bedroom"
"11782","United Kingdom","Master Bedroom"
"11783","United Kingdom","Master Bedroom"
"11785","United States","Master Bedroom"
"11804","United States","Master Bedroom"
"11814","DACH","Master Bedroom"
"11820","United Kingdom","Master Bedroom"
"11825","DACH","Master Bedroom"
"11829","DACH","Master Bedroom"
"11835","DACH","Master Bedroom"
"11836","DACH","Master Bedroom"
"11849","United States","Master Bedroom"
"11860","DACH","Master Bedroom"
"11873","United Kingdom","Master Bedroom"
"11874","DACH","Master Bedroom"
"11875","DACH","Master Bedroom"
"11883","DACH","Master Bedroom"
"11886","DACH","Master Bedroom"
"11887","United States","Master Bedroom"
"11897","United Kingdom","Master Bedroom"
"11899","United States","Master Bedroom"
"11908","United Kingdom","Master Bedroom"
"11920","United States","Master Bedroom"
"11922","United Kingdom","Master Bedroom"
"11931","DACH","Master Bedroom"
"11932","DACH","Master Bedroom"
"11939","DACH","Master Bedroom"
"11942","DACH","Master Bedroom"
"11947","DACH","Master Bedroom"
"11954","United States","Master Bedroom"
"11967","DACH","Master Bedroom"
"11971","United States","Master Bedroom"
"11973","DACH","Master Bedroom"
"11976","DACH","Master Bedroom"
"11982","United States","Master Bedroom"
"11986","United States","Master Bedroom"
"11988","DACH","Master Bedroom"
"11990","United States","Master Bedroom"
"11991","United States","Master Bedroom"
"11994","United States","Master Bedroom"
"11998","United Kingdom","Master Bedroom"
"11999","United States","Master Bedroom"
"12000","United States","Master Bedroom"
"12003","United Kingdom","Master Bedroom"
"12005","United Kingdom","Master Bedroom"
"12013","United Kingdom","Master Bedroom"
"12023","United Kingdom","Master Bedroom"
"12025","United Kingdom","Master Bedroom"
"12028","United States","Master Bedroom"
"12033","United Kingdom","Master Bedroom"
"12039","United Kingdom","Master Bedroom"
"12053","United Kingdom","Master Bedroom"
"12057","United States","Master Bedroom"
"12074","United Kingdom","Master Bedroom"
"12079","United States","Master Bedroom"
"12090","United Kingdom","Master Bedroom"
"12095","United States","Master Bedroom"
"12098","DACH","Master Bedroom"
"12107","United States","Master Bedroom"
"12112","United States","Master Bedroom"
"12119","United States","Master Bedroom"
"12145","DACH","Master Bedroom"
"12146","DACH","Master Bedroom"
"12149","United Kingdom","Master Bedroom"
"12152","United Kingdom","Master Bedroom"
"12154","United States","Master Bedroom"
"12159","DACH","Master Bedroom"
"12175","DACH","Master Bedroom"
"12195","United States","Master Bedroom"
"12226","United States","Master Bedroom"
"12337","DACH","Master Bedroom"
"12364","DACH","Master Bedroom"
"12462","United States","Master Bedroom"
"12475","United States","Master Bedroom"
"12497","United States","Master Bedroom"
"12531","DACH","Master Bedroom"
"12647","United Kingdom","Master Bedroom"
"12650","United States","Master Bedroom"
"12652","United Kingdom","Master Bedroom"
"12659","United Kingdom","Master Bedroom"
"12680","DACH","Master Bedroom"
"12689","DACH","Master Bedroom"
"12699","DACH","Master Bedroom"
"12706","DACH","Master Bedroom"
"12719","United States","Master Bedroom"
"12732","United States","Master Bedroom"
"12734","United States","Master Bedroom"
"12742","United Kingdom","Master Bedroom"
"12744","DACH","Master Bedroom"
"12755","DACH","Master Bedroom"
"12763","United Kingdom","Master Bedroom"
"12783","United Kingdom","Master Bedroom"
"12789","United States","Master Bedroom"
"12802","DACH","Master Bedroom"
"12827","United Kingdom","Master Bedroom"
"12840","DACH","Master Bedroom"
"12841","United States","Master Bedroom"
"12844","United States","Master Bedroom"
"12861","United States","Master Bedroom"
"12870","United States","Master Bedroom"
"12874","DACH","Master Bedroom"
"12892","DACH","Master Bedroom"
"12893","United Kingdom","Master Bedroom"
"12903","United Kingdom","Master Bedroom"
"12911","DACH","Master Bedroom"
"12914","DACH","Master Bedroom"
"12922","United Kingdom","Master Bedroom"
"12925","DACH","Master Bedroom"
"12944","United Kingdom","Master Bedroom"
"12957","United States","Master Bedroom"
"12965","United States","Master Bedroom"
"12974","DACH","Master Bedroom"
"12980","United Kingdom","Master Bedroom"
"12985","DACH","Master Bedroom"
"12996","United States","Master Bedroom"
"13002","United States","Master Bedroom"
"13008","United States","Master Bedroom"
"13011","United States","Master Bedroom"
"13015","DACH","Master Bedroom"
"13016","DACH","Master Bedroom"
"13020","United Kingdom","Master Bedroom"
"13024","United States","Master Bedroom"
"13025","DACH","Master Bedroom"
"13031","DACH","Master Bedroom"
"13035","DACH","Master Bedroom"
"13045","DACH","Master Bedroom"
"13064","United States","Patio"
"13076","United States","Patio"
"13160","United States","Patio"
"13249","United States","Patio"
"13360","DACH","Patio"
"13369","United States","Patio"
"13412","United States","Patio"
"13426","United States","Patio"
"13442","United States","Patio"
"13690","United States","Patio"
"13887","United States","Patio"
"13891","DACH","Patio"
"13908","United States","Patio"
"13938","United States","Patio"
"14258","United States","Patio"
"14260","United States","Patio"
"14268","United States","Patio"
"14381","United States","Yard"
"14543","United Kingdom","Yard"
"14554","United States","Yard"
"14616","United States","Yard"
"14674","United States","Yard"
"14678","United States","Yard"
"14693","United States","Yard"
"14713","United States","Yard"
"14716","DACH","Yard"
"14717","United States","Yard"
"14731","United States","Yard"
"14853","United States","Yard"
"14995","United States","Yard"
"15196","DACH","Yard"
"15334","DACH","Yard"
"15353","United Kingdom","Yard"
"15468","DACH","Yard"
