session_id,participant_id,status,started_datetime,completed_date_time,time_taken,age,num_approvals,num_rejections,prolific_score,reviewed_at_datetime,entered_code,Country of Birth,Current Country of Residence,Employment Status,First Language,Fluent languages,Language related disorders,Nationality,Sex,Student Status,Weekly device usage
5ddbdf53961cb3b26a844299,5c1c4e9a4bbe4f00012cd09b,TIMED-OUT,2019-11-25 14:04:03.556000,,30501531.158295,36,283,2,100,,,Germany,Germany,Part-Time,German,"English, Farsi, German",none,Germany,Male,No,Every day
5ddbdf59ade462b1cfdf3eff,5d9392e103f78f001bae5fd0,APPROVED,2019-11-25 14:04:15.089000,2019-11-25 14:28:59.894000,1484.805,41,29,1,99,2019-12-08 10:56:31.828000,HRWSB3Q2,Germany,Italy,Part-Time,German,"German, Italian, English",none,Italy,Female,Yes,Every day
5ddbdf95b48da3b211ab9247,5be95af71ca46b0001862746,APPROVED,2019-11-25 14:05:12.035000,2019-11-25 14:23:06.781000,1074.746,42,363,0,100,2019-12-08 10:56:33.273000,HRWSB3Q2,Germany,Germany,Full-Time,German,"German, English",none,Germany,Male,No,2-6 times a week
5ddbdfacc5faa2b30951252f,5c331d41fe0dca000110c862,APPROVED,2019-11-25 14:05:40.232000,2019-11-25 14:24:47.530000,1147.298,26,261,0,100,2019-12-08 10:56:34.244000,HRWSB3Q2,Germany,Germany,Full-Time,German,"German, English",none,Germany,Female,Yes,Every day
5ddbdfbfce1ce6b36e77f3bc,5dcaa05d84b4cf7812b15170,APPROVED,2019-11-25 14:05:51.648000,2019-11-25 14:27:14.629000,1282.981,27,70,1,100,2019-12-08 10:56:35.169000,HRWSB3Q2,Indonesia,Germany,Other,Indonesian,"English, Indonesian, German",none,Indonesia,Male,Yes,Multiple times every day
5ddbdfc7af16d3b2b6206bb1,5cfade7c2e8dc70016e2bac8,APPROVED,2019-11-25 14:05:59.626000,2019-11-25 14:25:27.125000,1167.499,23,152,3,98,2019-12-08 10:56:36.207000,HRWSB3Q2,Vietnam,Germany,Full-Time,Vietnamese,"English, German",none,Vietnam,Male,Yes,Multiple times every day
5ddbdfcdfef7c2b2d6185268,5d95d60847e8d80017c5e228,APPROVED,2019-11-25 14:06:05.708000,2019-11-25 14:23:05.188000,1019.48,38,75,2,99,2019-12-08 10:56:37.141000,HRWSB3Q2,Austria,Austria,Full-Time,German,German,none,Austria,Male,No,Multiple times every day
5ddbf06c568ca5b36a7ea22a,5da1983e424f6a0015466e6c,APPROVED,2019-11-25 15:17:00.755000,2019-11-25 15:40:38.667000,1417.912,27,125,1,100,2019-12-08 10:56:38.056000,HRWSB3Q2,Switzerland,Germany,Part-Time,Spanish,"Spanish, English, German, Italian",none,Italy,Male,No,Multiple times every day
5ddc24be2a30acb747d184eb,5d91fc3c0c32c9001972493c,APPROVED,2019-11-25 19:00:14.813000,2019-11-25 19:22:08.841000,1314.028,20,98,2,99,2019-12-08 10:56:39.195000,HRWSB3Q2,Germany,Germany,Part-Time,German,"English, German",none,Germany,Male,Yes,Every day
5ddc24da961cb3b8d15be1b6,5dcc8459bfb31a920381996e,APPROVED,2019-11-25 19:00:42.202000,2019-11-25 19:55:42.379000,3300.177,21,451,0,100,2019-12-08 10:56:40.177000,HRWSB3Q2,Germany,Germany,Part-Time,German,"Spanish, French, English, German",none,Germany,Male,Yes,Multiple times every day
5ddc24e9149f53b8627b6e13,5bf0fc561e78580001dc43c3,APPROVED,2019-11-25 19:00:57.425000,2019-11-25 19:41:31.970000,2434.545,26,400,1,100,2019-12-08 10:56:41.102000,HRWSB3Q2,Germany,Germany,Part-Time,German,German,none,Germany,Male,Yes,Multiple times every day
5ddc2511456f2c000d0f57a2,5d30748e68c6fe001c8cefc7,APPROVED,2019-11-25 19:01:37.191000,2019-11-25 19:31:52,1814.809,37,279,2,100,2019-12-08 10:56:42.060000,HRWSB3Q2,Germany,Germany,Full-Time,German,"German, English",none,Germany,Male,No,Multiple times every day
5ddc2562b48da3b7a5cda49f,5d14ab8ac4e6ae00011ad0e9,APPROVED,2019-11-25 19:02:58.652000,2019-11-25 19:30:28.561000,1649.909,29,259,1,100,2019-12-08 10:56:42.977000,HRWSB3Q2,Germany,Germany,Part-Time,German,"German, English",none,Germany,Female,No,2-6 times a week
5ddc25669a8ec2000bc2636f,58add914ef58a9000119d98c,RETURNED,2019-11-25 19:03:05.175000,,30483591.997815,28,398,1,100,,,CONSENT REVOKED,CONSENT REVOKED,CONSENT REVOKED,CONSENT REVOKED,CONSENT REVOKED,CONSENT REVOKED,CONSENT REVOKED,CONSENT REVOKED,CONSENT REVOKED,CONSENT REVOKED
5ddc2577dfe9dab6c312c615,5da649879698aa001661d9fe,APPROVED,2019-11-25 19:03:22.680000,2019-11-25 19:17:05.939000,823.259,25,96,0,100,2019-12-08 10:56:43.946000,HRWSB3Q2,Bosnia and Herzegovina,Austria,Part-Time,Croatian,"Croatian, German, Serbian, English",none,Bosnia and Herzegovina,Male,Yes,Multiple times every day
5ddc26ac86411bb8d690041e,5c52e314bae2e40001a4c3d1,APPROVED,2019-11-25 19:08:38.707000,2019-11-25 19:47:32.392000,2333.685,25,123,0,100,2019-12-08 10:56:45.030000,HRWSB3Q2,Germany,Germany,Other,German,"English, German, Turkish",none,Turkey,Male,Yes,Multiple times every day
5ddcefaf86411bc5260129e4,5c851854f9d18a00165561b6,APPROVED,2019-11-26 09:26:11.709000,2019-11-26 09:38:33.310000,741.601,32,259,2,100,2019-12-08 10:56:45.945000,HRWSB3Q2,Germany,Germany,Full-Time,German,German,none,Germany,Male,No,Every day
5ddcefed798297c4d1377ba7,58d4ebdec8677b0001a2107b,APPROVED,2019-11-26 09:27:09.951000,2019-11-26 09:50:56.070000,1426.119,35,678,4,100,2019-12-08 10:56:46.863000,HRWSB3Q2,Germany,Germany,Unemployed (and job seeking),German,"English, Polish, German",none,Germany,Male,No,Multiple times every day
5ddceff12e6c77c524b06e5d,5da710bf88c639001080bcdc,APPROVED,2019-11-26 09:28:35.651000,2019-11-26 09:58:09.634000,1773.983,22,86,0,100,2019-12-08 10:56:47.828000,HRWSB3Q2,Germany,Germany,Part-Time,German,"German, English",none,United States,Male,No,Multiple times every day
5ddceffbf85b50c4a988a364,5c8ab4225b8132001749d125,APPROVED,2019-11-26 09:27:23.031000,2019-11-26 09:52:17.904000,1494.873,35,441,5,99,2019-12-08 10:56:48.757000,HRWSB3Q2,Germany,Germany,Part-Time,German,"German, English",none,Germany,Female,Yes,Multiple times every day
5ddcf006e73e61c2cc868cb5,5d6fda2bde432b0019b19ba7,APPROVED,2019-11-26 09:30:08.897000,2019-11-26 09:56:42.787000,1593.89,53,199,0,100,2019-12-08 10:56:49.675000,HRWSB3Q2,Germany,Germany,Full-Time,German,"English, German",none,Germany,Male,No,Multiple times every day
5ddcf0315c5638c41312e204,5cac76acd6a3130016e3542b,APPROVED,2019-11-26 09:28:21.819000,2019-11-26 09:46:14.069000,1072.25,30,319,1,100,2019-12-08 10:56:50.820000,HRWSB3Q2,Germany,Germany,Full-Time,German,"German, English",none,Germany,Male,No,Multiple times every day
5ddcf091af16d3c4f05d8a30,5d6395ef95d04000195abb49,APPROVED,2019-11-26 09:29:56.317000,2019-11-26 09:50:56.872000,1260.555,35,202,2,99,2019-12-08 10:56:51.747000,HRWSB3Q2,Poland,Germany,Full-Time,German,"Polish, German",none,Germany,Male,No,Multiple times every day
5ddd33b729228c000a9cac28,5cfcbd1a9ba985000103baa4,APPROVED,2019-11-26 14:16:28.196000,2019-11-26 14:33:37.459000,1029.263,30,224,3,99,2019-12-08 10:56:52.719000,HRWSB3Q2,Germany,Germany,Full-Time,German,"German, English",none,Germany,Male,No,Multiple times every day
5ddd33ce9c84d8c995a8bf76,5dcd13ca6a8a33969923c480,APPROVED,2019-11-26 14:16:48.556000,2019-11-26 14:34:22.205000,1053.649,25,52,0,101,2019-12-08 10:56:53.659000,HRWSB3Q2,Germany,Germany,Other,German,German,none,Germany,Male,Yes,2-6 times a week
5ddd3407ce1ce6c992d2b264,5d7ff849774f4c0019fef2e2,APPROVED,2019-11-26 14:17:59.318000,2019-11-26 14:53:40.845000,2141.527,32,218,0,100,2019-12-08 10:56:54.611000,HRWSB3Q2,Germany,Germany,Part-Time,German,"English, German",none,Germany,Female,Yes,Every day
5ddd34207df219c97fc01eec,5dd42fa39b6104414f7025a2,APPROVED,2019-11-26 14:18:11.544000,2019-11-26 14:48:54.386000,1842.842,44,96,0,100,2019-12-08 10:56:55.532000,HRWSB3Q2,Germany,Germany,"Not in paid work (e.g. homemaker', 'retired or disabled)",German,"German, English",none,Germany,Male,No,Every day
5ddd344286c886ca801fc6af,5b4979dfd4c93b00019bfd88,APPROVED,2019-11-26 14:19:29.044000,2019-11-26 14:47:52.579000,1703.535,28,555,5,99,2019-12-08 10:56:56.591000,HRWSB3Q2,Germany,Germany,Full-Time,German,"German, French, Spanish, English, Turkish",none,Germany,Female,No,Multiple times every day
5ddd344ce0b21bc9b83dbc4e,5dc48beeb4c0ec35bab2b6fb,APPROVED,2019-11-26 14:18:51.985000,2019-11-26 14:56:57.045000,2285.06,27,102,0,100,2019-12-08 10:56:57.498000,HRWSB3Q2,Germany,Germany,Unemployed (and job seeking),German,"English, German",none,Germany,Male,No,Multiple times every day
5ddd34ad11d494c9545b6765,5cb19af6c642510015463de2,APPROVED,2019-11-26 14:20:29.719000,2019-11-26 14:48:04.629000,1654.91,32,257,2,100,2019-12-08 10:56:58.357000,HRWSB3Q2,Germany,Germany,Full-Time,German,German,none,Germany,Male,No,2-6 times a week
5ddd75c5d17898000b9a536d,5adb5107f6b58c0001fa3533,APPROVED,2019-11-26 18:58:16.424000,2019-11-26 19:33:36.928000,2120.504,32,211,10,94,2019-12-08 10:56:59.268000,HRWSB3Q2,Germany,Germany,Full-Time,German,"German, Polish, Dutch, English",none,Germany,Male,No,Every day
5ddd7609e4f4a0ce90d2fc8f,5c1bfe962c45d40001470dd2,RETURNED,2019-11-26 18:59:36.117000,,30397404.5275,21,204,2,99,,,CONSENT REVOKED,CONSENT REVOKED,CONSENT REVOKED,CONSENT REVOKED,CONSENT REVOKED,CONSENT REVOKED,CONSENT REVOKED,CONSENT REVOKED,CONSENT REVOKED,CONSENT REVOKED
5ddd761959b1b0cd699b8a63,5d77f73f187589001806052d,APPROVED,2019-11-26 18:59:37.217000,2019-11-26 19:17:59.237000,1102.02,29,97,2,99,2019-12-08 10:57:00.221000,HRWSB3Q2,Germany,Germany,Full-Time,German,German,none,Germany,Male,Yes,Multiple times every day
5ddd765da46eb3000a9a6efa,5b2285b50fbb830001080525,APPROVED,2019-11-26 19:00:54.105000,2019-11-26 19:21:01.379000,1207.274,28,320,2,100,2019-12-08 10:57:01.145000,HRWSB3Q2,Germany,Germany,Full-Time,German,"English, German",none,Germany,Male,No,Multiple times every day
5ddd767840460ecd602f3bd4,5d0a33b56dd417001ae19535,RETURNED,2019-11-26 19:01:12.240000,,30397308.768335,23,305,1,100,,,CONSENT REVOKED,CONSENT REVOKED,CONSENT REVOKED,CONSENT REVOKED,CONSENT REVOKED,CONSENT REVOKED,CONSENT REVOKED,CONSENT REVOKED,CONSENT REVOKED,CONSENT REVOKED
5ddd768151db1ccdf1deeb72,5d4602322f66d0001a1208c7,APPROVED,2019-11-26 19:01:21.697000,2019-11-26 19:42:11.913000,2450.216,33,806,0,100,2019-12-08 10:57:02.162000,HRWSB3Q2,United States,Germany,Full-Time,English,"Hindi, German, Spanish, English, Urdu",none,United States,Male,No,Multiple times every day
5ddd76891096eacda9ef4b52,5af9a04dfdaeac00010d6549,APPROVED,2019-11-26 19:01:43.719000,2019-11-26 19:21:22.468000,1178.749,23,139,2,100,2019-12-08 10:57:03.098000,HRWSB3Q2,Germany,Germany,Unemployed (and job seeking),German,"German, English",none,Germany,Male,Yes,Every day
5ddd79c34524e7ce6709bbc8,5b0c4bbb1e55760001b96b8a,APPROVED,2019-11-26 19:15:22.524000,2019-11-26 19:35:01.488000,1178.964,20,111,4,98,2019-12-08 10:57:04.023000,HRWSB3Q2,Germany,Germany,Full-Time,German,"English, German",none,Germany,Male,No,Every day
5ddd7a58ade462cd677e9ffc,5d9b68ff16de0b00151aa168,APPROVED,2019-11-26 19:17:49.086000,2019-11-26 19:46:20.619000,1711.533,19,23,0,100,2019-12-08 10:57:04.930000,HRWSB3Q2,Bulgaria,Austria,Unemployed (and job seeking),Bulgarian,"Bulgarian, French, German, English",none,Bulgaria,Male,No,Multiple times every day
5dde3bf6f83c9fd9e1faf5cb,5be1fa42a769b70001d43d20,APPROVED,2019-11-27 09:04:21.170000,2019-11-27 09:23:48.303000,1167.133,24,372,3,100,2019-12-08 10:57:05.822000,HRWSB3Q2,Germany,Germany,Other,German,German,none,Germany,Female,Yes,Multiple times every day
5dde3bfa326992d8bbff078c,5c31324b197e6300016fa75c,APPROVED,2019-11-27 09:03:54.675000,2019-11-27 09:35:11.361000,1876.686,23,183,8,95,2019-12-08 10:57:06.728000,HRWSB3Q2,Germany,Germany,Part-Time,German,"German, Spanish, English",none,Germany,Male,No,Multiple times every day
5dde3c07ecd14cda101edfe3,5cc86317cebd350001f67ed8,APPROVED,2019-11-27 09:04:20.896000,2019-11-27 09:26:33.960000,1333.064,44,303,4,98,2019-12-08 10:57:07.795000,HRWSB3Q2,Germany,Germany,Full-Time,German,"English, German",none,Germany,Female,No,Every day
5dde3c18929d5dda88cfd2e8,5b771a3d805c3f00012e07fe,APPROVED,2019-11-27 09:04:26.944000,2019-11-27 09:20:41.760000,974.816,35,662,3,100,2019-12-08 10:57:08.763000,HRWSB3Q2,United States,Germany,Full-Time,English,German,none,United States,Male,No,Every day
5dde3c997df219d9b054ba2b,5c3ca6adef1d0d0001b23df7,APPROVED,2019-11-27 09:06:36.454000,2019-11-27 09:25:39.955000,1143.501,27,98,0,100,2019-12-08 10:57:09.775000,HRWSB3Q2,Germany,Germany,Part-Time,German,"English, German",none,Germany,Male,Yes,Multiple times every day
5dde3caee4f4a0da4bbb9ab1,5dc95ddc0a290066b15862d3,APPROVED,2019-11-27 09:06:58.999000,2019-11-27 09:43:00.412000,2161.413,37,118,0,100,2019-12-08 10:57:10.638000,HRWSB3Q2,Australia,Germany,Full-Time,English,"English, German",none,Australia,Male,No,Every day
5dde3d184c9792d97649ac61,5dca6acb45b8f97464410663,APPROVED,2019-11-27 09:08:49.177000,2019-11-27 09:33:34.910000,1485.733,32,250,2,99,2019-12-08 10:57:11.536000,HRWSB3Q2,Germany,Germany,Full-Time,German,"English, German, French",none,Germany,Male,No,Every day
5dde807bac504ade5ed9606d,58e3a47a1a964e00019a565e,APPROVED,2019-11-27 13:56:42.306000,2019-11-27 14:39:40.333000,2578.027,25,190,0,101,2019-12-08 10:57:12.457000,HRWSB3Q2,Germany,Germany,Part-Time,German,"English, Hungarian, German",none,Germany,Male,Yes,Every day
5dde80f5ed7ea4dca4430fd3,59e6ed442f63d30001c8fa22,APPROVED,2019-11-27 14:05:37.594000,2019-11-27 14:14:38.312000,540.718,32,500,1,100,2019-12-08 10:57:13.596000,HRWSB3Q2,Germany,Germany,Full-Time,German,"English, Swedish, German",none,Germany,Female,Yes,Multiple times every day
5dde81931f179edd66daafdc,5bd86fa87ac7a40001e039ee,APPROVED,2019-11-27 14:00:55.468000,2019-11-27 14:24:48.364000,1432.896,25,93,0,100,2019-12-08 10:57:14.535000,HRWSB3Q2,United States,Germany,Due to start a new job within the next month,English,"German, English",none,United States,Female,No,Multiple times every day
5dde8195307b8ddf42401f17,5b264e0c0ec82d0001d207eb,APPROVED,2019-11-27 14:00:56.240000,2019-11-27 14:18:18.733000,1042.493,21,175,4,98,2019-12-08 10:57:15.484000,HRWSB3Q2,Austria,Austria,Other,German,"German, English",none,Austria,Female,Yes,Multiple times every day
5dde82367beb29df6b9f2a11,5da727bfc2a70a0011a128e0,APPROVED,2019-11-27 14:03:40.231000,2019-11-27 14:27:41.845000,1441.614,58,212,1,100,2019-12-08 10:57:16.345000,HRWSB3Q2,Germany,Germany,"Not in paid work (e.g. homemaker', 'retired or disabled)",German,"English, German",none,Germany,Female,No,2-6 times a week
5dde82948f45b9de73c74147,5c8f66153e08e20016d09b26,APPROVED,2019-11-27 14:05:09.900000,2019-11-27 14:27:48.268000,1358.368,29,245,0,100,2019-12-08 10:57:17.266000,HRWSB3Q2,Germany,Germany,Full-Time,German,"German, English",none,Germany,Male,No,Multiple times every day
5dde82a3c944d1ddd947b951,5d8e3f7528a1ca0017bb7f08,APPROVED,2019-11-27 14:05:43.882000,2019-11-27 14:35:16.647000,1772.765,25,132,0,100,2019-12-08 10:57:18.219000,HRWSB3Q2,Indonesia,Germany,Unemployed (and job seeking),English,"Japanese, Indonesian, English, German",none,Indonesia,Female,Yes,Every day
5ddec6fbdcec87e397df5d8e,5db9c0e8e0a6e8023c374326,APPROVED,2019-11-27 18:56:59.912000,2019-11-27 19:14:33.867000,1053.955,21,154,0,100,2019-12-08 10:57:19.296000,HRWSB3Q2,Germany,Germany,Full-Time,German,"German, English",none,Germany,Female,No,2-6 times a week
5ddec70e7aa0d6e49a62439e,5d5b22695944c6000104b01d,APPROVED,2019-11-27 18:57:52.972000,2019-11-27 19:38:52.057000,2459.085,26,186,2,99,2019-12-08 10:57:20.272000,HRWSB3Q2,Austria,Austria,Other,German,"English, German",none,Austria,Female,No,Multiple times every day
5ddec7c87beb29e4f7487c5f,5b589a3b3f7d1c0001208218,APPROVED,2019-11-27 19:00:24.441000,2019-11-27 19:16:43.172000,978.731,28,111,1,100,2019-12-08 10:57:21.243000,HRWSB3Q2,Germany,Germany,Full-Time,German,German,none,Germany,Male,No,Every day
5ddec81b86411be47b951f85,5daf91f26c98f70015c6b76d,APPROVED,2019-11-27 19:02:22.033000,2019-11-27 19:31:53.290000,1771.257,22,216,9,93,2019-12-08 10:57:22.162000,HRWSB3Q2,Germany,Germany,Other,German,"English, German",none,Germany,Female,Yes,Multiple times every day
5ddec8f9fc959b000b1bf1e4,5bfd96247f7968000187fabb,APPROVED,2019-11-27 19:05:31.699000,2019-11-27 19:27:04.086000,1292.387,21,135,3,98,2019-12-08 10:57:23.146000,HRWSB3Q2,Germany,Germany,Part-Time,German,"German, English",none,Germany,Female,Yes,Multiple times every day
5ddec935e21ae5000e35014f,5dac70d01a0d81001380d6fc,APPROVED,2019-11-27 19:06:29.385000,2019-11-27 19:29:43.184000,1393.799,37,91,1,100,2019-12-08 10:57:24.072000,HRWSB3Q2,Germany,Germany,Full-Time,German,"English, German",none,Germany,Male,No,Multiple times every day
5ddec94bdb40e5000e84a692,591a1f4800a5650001276188,APPROVED,2019-11-27 19:06:59.301000,2019-11-27 19:24:06.138000,1026.837,36,877,2,100,2019-12-08 10:57:25.168000,HRWSB3Q2,Germany,Germany,Full-Time,German,"English, German",none,Germany,Male,No,Multiple times every day
5ddfd3e01e8bdd0448712de3,5bf2eb0cf77fed00011d5226,APPROVED,2019-11-28 14:04:18.963000,2019-11-28 14:22:23.931000,1084.968,25,142,0,100,2019-12-08 10:57:26.107000,HRWSB3Q2,Switzerland,Switzerland,Part-Time,German,"English, German",none,Switzerland,Female,Yes,Every day
5ddfd42bf5d66704b10f3391,5c766ec88b00ca00164c0500,APPROVED,2019-11-28 14:05:33.609000,2019-11-28 14:22:46.001000,1032.392,21,208,5,98,2019-12-08 10:57:27.036000,HRWSB3Q2,Germany,Germany,Part-Time,German,"German, English",none,Germany,Male,Yes,Every day
5ddfd43b7ce133049aa42e0a,5c8bc7a70c41e800110869f4,APPROVED,2019-11-28 14:05:48.972000,2019-11-28 14:38:20.953000,1951.981,46,139,1,100,2019-12-08 10:57:27.962000,HRWSB3Q2,Greece,Austria,Full-Time,Greek,"Greek, English, German",none,Greece,Male,No,Every day
5ddfd472e5202703f9acd065,5b165033f6cef00001427e90,APPROVED,2019-11-28 14:06:44.221000,2019-11-28 14:31:59.711000,1515.49,36,338,2,100,2019-12-08 10:57:28.917000,HRWSB3Q2,Germany,Germany,Full-Time,German,"English, German",none,Germany,Female,No,Multiple times every day
5ddfd4ccb5bed704417b03a6,5cf3ec46a14d6b0001cfc029,APPROVED,2019-11-28 14:08:14.583000,2019-11-28 14:36:40.955000,1706.372,31,242,0,100,2019-12-08 10:57:29.898000,HRWSB3Q2,Germany,Germany,Full-Time,German,"German, Polish, English",none,Germany,Male,Yes,Every day
5ddfd4d2273c280491b2b739,5bfe8696ee43d800010a6fc7,APPROVED,2019-11-28 14:08:18.359000,2019-11-28 14:29:56.406000,1298.047,36,338,0,100,2019-12-08 10:57:30.979000,HRWSB3Q2,Germany,Germany,Full-Time,German,"English, German",none,Germany,Male,No,Multiple times every day
5ddfd539b9d68505003fec52,5d8f24ace98cc4001854d118,APPROVED,2019-11-28 14:10:07.260000,2019-11-28 14:26:11.213000,963.953,23,43,0,100,2019-12-08 10:57:31.916000,HRWSB3Q2,Poland,Austria,Other,Polish,"English, German, Polish",none,Germany,Female,Yes,2-6 times a week
5de01868e4f42a088f26d80d,5d838170a364360018fd406c,APPROVED,2019-11-28 18:56:44.160000,2019-11-28 19:12:43.536000,959.376,30,47,1,100,2019-12-08 10:57:32.844000,HRWSB3Q2,Germany,Germany,Full-Time,German,"German, English",none,Germany,Female,No,Once a week
5de0195431229a0896680a47,5db16d2693be16001717d840,APPROVED,2019-11-28 19:00:37.849000,2019-11-28 19:22:23.099000,1305.25,25,127,1,100,2019-12-08 10:57:33.777000,HRWSB3Q2,Germany,Germany,Part-Time,German,"German, English",none,Germany,Male,Yes,Every day
5de019cfb5b7ff099a246c54,5d62f9a2d989a4001a236e88,APPROVED,2019-11-28 19:02:48.745000,2019-11-28 19:29:31.699000,1602.954,23,59,0,100,2019-12-08 10:57:34.680000,HRWSB3Q2,Germany,Germany,Part-Time,German,"English, German",none,Germany,Female,Yes,Every day
5de01a22429725099993ca2e,5d87e8861f684d0001737985,APPROVED,2019-11-28 19:04:05.401000,2019-11-28 19:29:22.732000,1517.331,40,146,0,100,2019-12-08 10:57:35.599000,HRWSB3Q2,Germany,Germany,Full-Time,German,"English, Spanish, Italian, German",none,Germany,Male,No,Multiple times every day
5de01bc6429725099993ca33,5caa1d2a4be4c60001efca92,APPROVED,2019-11-28 19:11:08.955000,2019-11-28 19:29:37,1108.045,26,331,2,100,2019-12-08 10:57:36.663000,HRWSB3Q2,Germany,Germany,Unemployed (and job seeking),German,"German, English",none,Germany,Female,No,Every day
5de01c31d0e07e0984c9e2ed,5dbc53ac0338051f71f69362,APPROVED,2019-11-28 19:12:53.025000,2019-11-28 19:46:35.233000,2022.208,20,33,0,100,2019-12-08 10:57:37.567000,HRWSB3Q2,Austria,Austria,Due to start a new job within the next month,German,"English, German",none,Austria,Male,No,Every day
5de01c3310088f099dad3313,59bc3a373a9ab60001119730,APPROVED,2019-11-28 19:12:54.255000,2019-11-28 19:28:22.895000,928.64,23,358,5,99,2019-12-08 10:57:38.464000,HRWSB3Q2,Germany,Germany,Full-Time,German,"English, German, Spanish",none,Germany,Male,Yes,Multiple times every day
5de0dfe0459710130488cb87,58cd9587334d5b0001d64b02,APPROVED,2019-11-29 09:08:22.403000,2019-11-29 09:30:17.457000,1315.054,25,156,1,100,2019-12-08 10:57:39.466000,HRWSB3Q2,Jordan,Germany,Part-Time,Arabic,"English, Arabic, German",none,Jordan,Male,Yes,Multiple times every day
5de0dfef693f2213d4470816,5c2f5778374f7300013d1946,APPROVED,2019-11-29 09:08:10.592000,2019-11-29 09:24:20.203000,969.611,24,304,10,95,2019-12-08 10:57:40.407000,HRWSB3Q2,Germany,Germany,Part-Time,German,"Polish, Russian, English, German",not applicable,Germany,Male,Yes,Multiple times every day
5de0e42ac65e7313981c9b15,5d5a650898cf220016ec58fe,APPROVED,2019-11-29 09:26:05.691000,2019-11-29 09:53:25.912000,1640.221,39,73,0,100,2019-12-08 10:57:41.489000,HRWSB3Q2,Germany,Germany,Full-Time,German,"English, German",none,Germany,Male,Yes,Every day
5de0e849d0e07e13855c6e7c,5cf6bb908e0981001a4cbed8,APPROVED,2019-11-29 09:43:42.151000,2019-11-29 10:15:52.072000,1929.921,20,42,0,100,2019-12-08 10:57:42.586000,HRWSB3Q2,Singapore,Switzerland,Full-Time,Chinese,"English, German, Chinese",none,Switzerland,Male,Yes,Every day
5de0eacbb63ed713c0c670bd,5acc6eebfa3b4e000173c8d6,RETURNED,2019-11-29 09:54:21.553000,,30170928.224284,26,227,5,98,,,CONSENT REVOKED,CONSENT REVOKED,CONSENT REVOKED,CONSENT REVOKED,CONSENT REVOKED,CONSENT REVOKED,CONSENT REVOKED,CONSENT REVOKED,CONSENT REVOKED,CONSENT REVOKED
5de0ead6e1309413e2d324ec,5dd46db11e70da4686524a1e,APPROVED,2019-11-29 09:54:32.309000,2019-11-29 10:15:19.788000,1247.479,24,73,1,100,2019-12-08 10:57:43.500000,HRWSB3Q2,Germany,Germany,Part-Time,German,"German, English",none,Germany,Male,Yes,Multiple times every day
5de0eb4b0e58661354ae5d51,56cb572b73cd5b0006f79acd,APPROVED,2019-11-29 09:58:44.592000,2019-11-29 10:19:58.017000,1273.425,26,402,6,98,2019-12-08 10:57:44.461000,HRWSB3Q2,Germany,Germany,Unemployed (and job seeking),German,"English, German",none,Germany,Male,No,Multiple times every day
5de0ecd60e586613abf5452e,5c3121268c6d820001abed7c,APPROVED,2019-11-29 10:03:17.153000,2019-11-29 10:21:13.173000,1076.02,32,317,5,98,2019-12-08 10:57:45.386000,HRWSB3Q2,Germany,Germany,Part-Time,German,"English, German",none,Germany,Male,No,Multiple times every day
5de125412294f1173bfff409,5aeae70faced0e00012d599b,APPROVED,2019-11-29 14:03:48.039000,2019-11-29 14:19:56.063000,968.024,27,559,1,100,2019-12-08 10:57:46.293000,HRWSB3Q2,United States,Germany,Part-Time,English,"German, English",none,United States,Female,Yes,Multiple times every day
5de1268db5bed717b7a40b55,5b0a869f1e55760001b93fa3,APPROVED,2019-11-29 14:13:07.693000,2019-11-29 14:27:37.106000,869.413,37,492,8,98,2019-12-08 10:57:47.229000,HRWSB3Q2,Germany,Germany,Full-Time,German,"French, German, English",none,Germany,Male,No,Multiple times every day
5de1269a7da01d17dcf05325,57d6be45b9fb6f0001dda0f5,RETURNED,2019-11-29 14:09:33.305000,,30155617.663701,44,201,2,100,,,CONSENT REVOKED,CONSENT REVOKED,CONSENT REVOKED,CONSENT REVOKED,CONSENT REVOKED,CONSENT REVOKED,CONSENT REVOKED,CONSENT REVOKED,CONSENT REVOKED,CONSENT REVOKED
5de126e1af7a421793a00127,5d93c06fcfe3880013ba1309,APPROVED,2019-11-29 14:10:46.157000,2019-11-29 14:30:27.355000,1181.198,24,126,1,100,2019-12-08 10:57:48.323000,HRWSB3Q2,Germany,Germany,Unemployed (and job seeking),German,"German, English, Spanish",none,Germany,Male,Yes,Multiple times every day
5de1277bdf86d3161df2feed,5ca9ef65cb94800019860586,APPROVED,2019-11-29 14:13:17.314000,2019-11-29 14:35:30.030000,1332.716,28,54,1,100,2019-12-08 10:57:49.254000,HRWSB3Q2,Austria,Austria,Part-Time,German,"English, German",none,Austria,Female,Yes,Every day
5de1285d273c2817936f8937,5c854499f29fd90001a2c6c0,APPROVED,2019-11-29 14:17:04.044000,2019-11-29 14:37:22.489000,1218.445,19,241,8,97,2019-12-08 10:57:50.166000,HRWSB3Q2,Germany,Germany,Full-Time,German,"German, English",none,Germany,Male,Yes,Every day
5de12b78d4b81e17b26f770b,5d44cbb069dcc700016522d3,RETURNED,2019-11-29 14:30:21.788000,,30154369.688646,25,67,0,100,,,CONSENT REVOKED,CONSENT REVOKED,CONSENT REVOKED,CONSENT REVOKED,CONSENT REVOKED,CONSENT REVOKED,CONSENT REVOKED,CONSENT REVOKED,CONSENT REVOKED,CONSENT REVOKED
5de12d17f5d667180c173117,5d38cc19897705000180dd64,APPROVED,2019-11-29 14:37:21.549000,2019-11-29 15:12:04.477000,2082.928,23,59,0,100,2019-12-08 10:57:51.097000,HRWSB3Q2,Switzerland,Switzerland,Part-Time,German,"English, German",none,Switzerland,Female,Yes,Multiple times every day
5de12df845971018b9141487,5d2f2df93698400015bab3e7,APPROVED,2019-11-29 14:40:58.824000,2019-11-29 14:56:06.198000,907.374,25,187,2,100,2019-12-08 10:57:52.112000,HRWSB3Q2,Germany,Germany,Unemployed (and job seeking),German,"German, English",none,Germany,Female,Yes,Every day
5de16b3f762dc21c10d3cd81,5c1b80a173782100015ed196,APPROVED,2019-11-29 19:02:26.181000,2019-11-29 19:31:16.313000,1730.132,25,43,0,100,2019-12-08 10:57:53.043000,HRWSB3Q2,Austria,Austria,Full-Time,German,"English, Spanish, German",none,Austria,Male,Yes,Multiple times every day
5de16b58a2db891d4de13da2,5c1ec17d30f7d70001c1369c,TIMED-OUT,2019-11-29 19:02:49.484000,,30138022.581691,25,187,6,96,,,Germany,Germany,Unemployed (and job seeking),German,"German, English",none,Germany,Male,Yes,Multiple times every day
5de16c535ab8ee000ce28dcc,5acb711e9534ba0001c785d5,APPROVED,2019-11-29 19:07:02.773000,2019-11-29 19:38:08.982000,1866.209,37,17,1,99,2019-12-08 10:57:54.156000,HRWSB3Q2,Germany,Germany,Full-Time,German,"English, German",none,Germany,Female,No,Multiple times every day
5de16d007292b61c4ea8c437,5aeaf9a9cb04880001cbd1a5,APPROVED,2019-11-29 19:09:55.508000,2019-11-29 19:29:04.695000,1149.187,30,435,1,100,2019-12-08 10:57:55.099000,HRWSB3Q2,Austria,Austria,Full-Time,German,"English, German",none,Austria,Female,No,Multiple times every day
5de16dd8521f951c14549f78,5b291e8b8ccfef0001bdd651,APPROVED,2019-11-29 19:13:43.318000,2019-11-29 19:55:23.198000,2499.88,22,364,2,100,2019-12-08 10:57:56.018000,HRWSB3Q2,Germany,Germany,Other,German,"English, German",none,Germany,Male,Yes,2-6 times a week
5de16ea9693f221c7eaa38bd,5da810504dabf000125f82c3,APPROVED,2019-11-29 19:21:11.677000,2019-11-29 19:48:25.870000,1634.193,28,47,0,100,2019-12-08 10:57:56.945000,HRWSB3Q2,Germany,Germany,Full-Time,German,"Thai, German, English",none,Germany,Male,No,Multiple times every day
5de16fe3676a6d1ceb042b5e,5da87d0804b8ae001639d516,APPROVED,2019-11-29 19:22:17.383000,2019-11-29 19:52:16.267000,1798.884,24,118,0,100,2019-12-08 10:57:58.007000,HRWSB3Q2,Germany,Germany,Other,German,"German, English",none,Germany,Female,Yes,Every day
5de17a3e5feb6e1dcf1d0458,5bddcf362562330001b93076,TIMED-OUT,2019-11-29 20:06:29.648000,,30134203.291453,56,256,3,98,,,Germany,Germany,Full-Time,German,"German, English",none,Germany,Female,No,Every day
5de18af9e4f42a1ee132eea3,58b7232a67ae1000010646dd,APPROVED,2019-11-29 21:17:48.799000,2019-11-29 21:38:45.195000,1256.396,50,410,3,100,2019-12-08 10:57:59.076000,HRWSB3Q2,Bulgaria,Germany,Full-Time,Bulgarian,"English, Greek, German, Russian, Bulgarian",none,Bulgaria,Female,No,Multiple times every day
5de232e1f5d66726667e67a7,5cef92e0129c290016802122,APPROVED,2019-11-30 09:14:12.189000,2019-11-30 09:32:57.603000,1125.414,21,165,1,100,2019-12-08 10:58:00.365000,HRWSB3Q2,Germany,Germany,Full-Time,German,"English, German",none,Germany,Male,No,Multiple times every day
5de2333c599d502643441fa9,5d9d7d4f1a7ab30016603f6a,APPROVED,2019-11-30 09:15:42.763000,2019-11-30 09:50:28.135000,2085.372,58,83,0,100,2019-12-08 10:58:01.416000,HRWSB3Q2,United Kingdom,Switzerland,Other,English,"German, French, English",none,United Kingdom,Female,No,Every day
5de234d2a8c7a6265bf8a550,5dc0b3e0b8a4b0069c7d4d60,APPROVED,2019-11-30 09:23:25.333000,2019-11-30 09:46:05.548000,1360.215,24,85,0,100,2019-12-08 10:58:02.331000,HRWSB3Q2,Indonesia,Germany,Part-Time,Indonesian,"English, Indonesian, German",none,Indonesia,Male,Yes,Every day
5de237cfa1a3fb26ac6c60ef,5d4f4446d0f143001c7872d0,APPROVED,2019-11-30 09:35:14.123000,2019-11-30 09:46:52.339000,698.216,24,66,4,93,2019-12-08 10:58:03.231000,HRWSB3Q2,Tunisia,Germany,Part-Time,Arabic,"Arabic, German, English, French",none,Tunisia,Female,Yes,Multiple times every day
5de237e8eb1b0a25ec40e1df,5c1b7fbebdb7e80001834945,APPROVED,2019-11-30 09:35:46.403000,2019-11-30 10:01:37.589000,1551.186,27,236,0,100,2019-12-08 10:58:04.192000,HRWSB3Q2,Italy,Austria,Part-Time,German,"English, German",none,Italy,Male,Yes,Multiple times every day
5de238d55fb5c826a52db72b,5dd3facbf85b503d9859fa6c,APPROVED,2019-11-30 09:39:46.302000,2019-11-30 10:12:31.650000,1965.348,60,3,0,100,2019-12-08 10:58:05.176000,HRWSB3Q2,United States,,Other,English,"English, German",none,United States,Male,No,2-6 times a week
5de23c66b5b7ff26bb46b0d5,5da8aa287776b10014e1b65c,APPROVED,2019-11-30 09:54:48.415000,2019-11-30 10:21:20.476000,1592.061,33,37,1,100,2019-12-08 10:58:06.241000,HRWSB3Q2,Switzerland,Switzerland,"Not in paid work (e.g. homemaker', 'retired or disabled)",German,"English, German",none,Switzerland,Female,No,Multiple times every day
5de2bd76f9c947000bace5fd,5d0f89123382180001624f48,APPROVED,2019-11-30 19:06:55.340000,2019-11-30 19:32:23.612000,1528.272,28,405,7,98,2019-12-08 10:58:07.167000,HRWSB3Q2,Germany,Germany,Full-Time,German,"English, German, Spanish",none,Germany,Female,No,Multiple times every day
5de2bd7d1fd5812f48d57c0c,5c539971116c770001f11b7b,APPROVED,2019-11-30 19:05:35.356000,2019-11-30 19:22:59.003000,1043.647,,687,0,100,2019-12-08 10:58:08.100000,HRWSB3Q2,United States,Germany,Full-Time,English,"English, German",none,United States,Female,No,Multiple times every day
5de2bdd3ce20cd2f00188d66,5c9295ebec114b0015418738,APPROVED,2019-11-30 19:07:01.162000,2019-11-30 19:17:24.267000,623.105,23,144,1,100,2019-12-08 10:58:08.967000,HRWSB3Q2,Germany,Germany,Full-Time,German,"English, German",none,Germany,Male,No,Multiple times every day
5de2bec22cf2042f36e7db02,5c9b4f2f9ca7f60001256bcf,APPROVED,2019-11-30 19:11:00.880000,2019-11-30 19:39:05.730000,1684.85,26,43,0,100,2019-12-08 10:58:09.893000,HRWSB3Q2,Poland,Germany,Other,German,"Polish, German, English",none,Poland,Male,Yes,Multiple times every day
5de2c2017f57a32e806c4a10,5a10ab7fdf3fa800015c43f2,APPROVED,2019-11-30 19:24:52.378000,2019-11-30 19:49:09.763000,1457.385,24,78,0,100,2019-12-08 10:58:10.821000,HRWSB3Q2,Germany,Germany,"Not in paid work (e.g. homemaker', 'retired or disabled)",German,"English, German",none,Germany,Female,Yes,Every day
5de2c2411e8bdd2ee4fd445a,5dce52a84d695a0718301523,APPROVED,2019-11-30 19:25:57.227000,2019-11-30 19:54:00.701000,1683.474,43,88,1,100,2019-12-08 10:58:11.942000,HRWSB3Q2,Germany,Germany,Full-Time,German,"German, English",none,Germany,Male,No,Multiple times every day
5de2c4d5a74d1e2f67bb117d,5db1852c4ba31f0015702d3b,TIMED-OUT,2019-11-30 19:36:56.322000,,30049582.957598,22,13,0,100,,,Austria,Austria,Part-Time,German,"German, English, Italian",not applicable,Austria,Female,Yes,2-6 times a week
5de2d56d4b7cf930db1d68e5,5d9cffb3996ad30019904873,APPROVED,2019-11-30 20:49:32.090000,2019-11-30 21:14:47.075000,1514.985,46,42,1,99,2019-12-08 10:58:12.900000,HRWSB3Q2,United Kingdom,Germany,Part-Time,English,"English, French, German, Russian",none,United Kingdom,Female,No,Every day
5de387af2294f139129ce426,5dbc177f0e1ec31c8af5492e,APPROVED,2019-12-01 09:35:26.765000,2019-12-01 10:10:42.158000,2115.393,22,60,0,100,2019-12-08 10:58:13.824000,HRWSB3Q2,Germany,Germany,Unemployed (and job seeking),German,"English, German",none,Germany,Female,Yes,Every day
5de38ab72cf204398a316c4f,5db5a18f1fe3db000c92eb14,TIMED-OUT,2019-12-01 09:41:13.548000,,29998926.115806,22,245,2,100,,,Germany,Germany,Full-Time,German,"English, German",none,Germany,Male,Yes,Multiple times every day
5de38b2e96e9b2395f6c6a18,5b5ef728e3b84d0001521abf,APPROVED,2019-12-01 09:47:18.952000,2019-12-01 10:06:08.729000,1129.777,30,337,1,100,2019-12-08 10:58:14.759000,HRWSB3Q2,Germany,Austria,Part-Time,German,"English, German",none,Germany,Male,Yes,Multiple times every day
5de38c58ce20cd3947e1ecbd,5b622ccfed24cc000112b9fc,APPROVED,2019-12-01 09:48:20.241000,2019-12-01 10:15:27.537000,1627.296,35,181,1,100,2019-12-08 10:58:15.683000,HRWSB3Q2,Austria,Austria,Other,German,"English, German",none,Austria,Female,No,Every day
5de391e5db466539aacd4d85,5cee0a5332a84b0001a66e23,RETURNED,2019-12-01 10:22:00.070000,,29996480.22556,32,71,1,100,,,CONSENT REVOKED,CONSENT REVOKED,CONSENT REVOKED,CONSENT REVOKED,CONSENT REVOKED,CONSENT REVOKED,CONSENT REVOKED,CONSENT REVOKED,CONSENT REVOKED,CONSENT REVOKED
5de391eda91be339c91fe713,5cec18dbe798630001b6b542,APPROVED,2019-12-01 10:12:00.249000,2019-12-01 10:34:03.211000,1322.962,19,33,2,92,2019-12-08 10:58:16.620000,HRWSB3Q2,Austria,Austria,Unemployed (and job seeking),German,"Turkish, German, English",none,Austria,Female,Yes,Multiple times every day
5de394689568083a433cad1b,5c90997b40ad6c00013c711e,APPROVED,2019-12-01 10:22:33.766000,2019-12-01 10:36:50.925000,857.159,24,187,7,95,2019-12-08 10:58:17.681000,HRWSB3Q2,Germany,Germany,Part-Time,German,"English, German",none,Germany,Male,No,Multiple times every day
5de39681a63c7b3970707e0b,5d28a0594d046f0001a749b5,APPROVED,2019-12-01 10:31:29.447000,2019-12-01 10:52:14.384000,1244.937,25,91,2,99,2019-12-08 10:58:18.605000,HRWSB3Q2,Germany,Germany,Full-Time,German,"Russian, English, German",none,Germany,Male,No,Multiple times every day
5de39a09cdff8e3a316c85fd,5c6f25f732f75b0001a87261,RETURNED,2019-12-01 10:46:35.383000,,29995005.458591,25,109,0,100,,,CONSENT REVOKED,CONSENT REVOKED,CONSENT REVOKED,CONSENT REVOKED,CONSENT REVOKED,CONSENT REVOKED,CONSENT REVOKED,CONSENT REVOKED,CONSENT REVOKED,CONSENT REVOKED
5de39bfef31ad239eae93f2e,5c49bbbb29245e000149c105,APPROVED,2019-12-01 10:55:13.611000,2019-12-01 11:39:25.903000,2652.292,54,168,1,100,2019-12-08 10:58:19.534000,HRWSB3Q2,Romania,Germany,Full-Time,Romanian,"German, Italian, Romanian, English",none,Romania,Female,No,Every day
5de3c7bac71f823d5633ebbf,5d0e7867dff7d70001e6e16d,APPROVED,2019-12-01 14:01:34.567000,2019-12-01 14:19:34.506000,1079.939,23,178,0,100,2019-12-08 10:58:20.451000,HRWSB3Q2,Germany,Germany,"Not in paid work (e.g. homemaker', 'retired or disabled)",German,"German, English",none,Germany,Male,Yes,Multiple times every day
5de3c966c2a8373cd6800d23,5cdc347eb67d650001081beb,APPROVED,2019-12-01 14:08:38.709000,2019-12-01 14:29:03.332000,1224.623,21,136,0,100,2019-12-08 10:58:21.411000,HRWSB3Q2,Germany,Germany,Unemployed (and job seeking),German,"English, German",none,Germany,Female,Yes,Every day
5de3c9707334643b6d240982,5a999b86873cda0001dca822,APPROVED,2019-12-01 14:08:49.562000,2019-12-01 14:25:21.323000,991.761,23,305,4,99,2019-12-08 10:58:22.325000,HRWSB3Q2,Germany,Germany,Full-Time,German,"English, German",none,Germany,Male,No,Multiple times every day
5de3dd7c762dc23cdf0542e7,5d401374a4f12200163db67a,TIMED-OUT,2019-12-01 15:34:20.952000,,29977740.556841,25,36,0,100,,,Italy,Germany,Part-Time,Italian,"English, Italian, German",none,Italy,Female,Yes,Every day
5de3e075d609c93dd608ea2d,5ce69a5f6ad4e5001c097514,APPROVED,2019-12-01 15:47:06.568000,2019-12-01 16:24:05.332000,2218.764,34,69,0,100,2019-12-08 10:58:23.562000,HRWSB3Q2,Germany,Canada,Unemployed (and job seeking),German,"German, English",none,Germany,Female,Yes,Multiple times every day
5de3e20d3fa6703dfdec0a3a,5dcc70a1286555909e91d2ec,APPROVED,2019-12-01 15:55:43.051000,2019-12-01 16:19:22.454000,1419.403,25,44,0,100,2019-12-08 10:58:24.480000,HRWSB3Q2,Germany,Germany,Other,German,"English, German, French",none,Germany,Female,Yes,Every day
5de3e51f10088f3eb2578019,5d0d1f7e479a640001154b0b,APPROVED,2019-12-01 16:06:58.424000,2019-12-01 16:22:12.458000,914.034,19,110,6,95,2019-12-08 10:58:25.421000,HRWSB3Q2,Germany,Germany,Part-Time,German,"English, German",none,Germany,Male,Yes,Multiple times every day
5de3f35c85529d3eb574fd6b,5c38d2e708510f0001445b61,APPROVED,2019-12-01 17:07:42.251000,2019-12-01 17:47:21.803000,2379.552,22,292,1,100,2019-12-08 10:58:26.388000,HRWSB3Q2,Germany,Germany,Full-Time,German,"German, Spanish, English",none,Germany,Male,No,Multiple times every day
5de40fbd227eed000a8944b5,5da5d3ca16e9a500167a972d,APPROVED,2019-12-01 19:08:49.336000,2019-12-01 19:36:43.356000,1674.02,22,146,2,100,2019-12-08 10:58:27.324000,HRWSB3Q2,Germany,Germany,Full-Time,German,"German, English",none,Germany,Male,Yes,Multiple times every day
5de410e7dbc35641a23d7256,5d62eceed989a4001a236e5d,TIMED-OUT,2019-12-01 19:13:46.381000,,29964576.323901,27,212,1,100,,,Germany,Germany,Part-Time,German,"German, English",none,Germany,Male,Yes,2-6 times a week
5de41124553cee40cba543af,5c703ae661dd7e0001a15495,APPROVED,2019-12-01 19:14:53.894000,2019-12-01 19:33:13.981000,1100.087,20,134,2,99,2019-12-08 10:58:28.259000,HRWSB3Q2,Bosnia and Herzegovina,Germany,Unemployed (and job seeking),Croatian,"German, Croatian, English",none,Bosnia and Herzegovina,Male,No,Multiple times every day
5de417c60feb5a5fc691155f,5dc8640061384b70477b38fd,APPROVED,2019-12-01 19:43:04.609000,2019-12-01 19:55:10.050000,725.441,26,20,2,95,2019-12-08 10:58:29.411000,HRWSB3Q2,Bulgaria,Germany,Part-Time,Bulgarian,"Turkish, Bulgarian, English, German",none,Bulgaria,Male,Yes,Every day
5de4207864e4b101699d4357,5dbc1f879a36051cc3396cbf,APPROVED,2019-12-01 20:20:11.020000,2019-12-01 20:36:31.969000,980.949,31,100,1,100,2019-12-08 10:58:30.383000,HRWSB3Q2,Germany,Germany,Full-Time,German,"German, English",none,Germany,Male,No,Multiple times every day
5de422809527984125aeb075,5c1bbdb5e986890001dc5075,APPROVED,2019-12-01 20:28:59.501000,2019-12-01 20:48:58.713000,1199.212,26,201,3,99,2019-12-08 10:58:31.308000,HRWSB3Q2,Austria,Austria,Part-Time,German,"German, English",none,Austria,Male,Yes,Multiple times every day
5de42f85599d504204264f89,5aea9842ba2926000102f326,APPROVED,2019-12-01 21:24:24.822000,2019-12-01 22:02:31.633000,2286.811,25,243,1,100,2019-12-08 10:58:32.248000,HRWSB3Q2,Germany,Germany,"Not in paid work (e.g. homemaker', 'retired or disabled)",German,"German, Russian, English",none,Germany,Male,Yes,Multiple times every day
5de43054fafd4241c05786d6,5daad286a862c5001538e5e0,APPROVED,2019-12-01 21:27:51.383000,2019-12-01 21:44:09.277000,977.894,24,24,0,100,2019-12-08 10:58:33.170000,HRWSB3Q2,Germany,Germany,Full-Time,German,"English, German",none,Germany,Male,Yes,Every day
5de4d525b63ed7477e152310,5bffdf0e41390f0001d01fea,APPROVED,2019-12-02 09:11:04.454000,2019-12-02 10:06:55.769000,3351.315,32,222,0,100,2019-12-08 10:58:34.105000,HRWSB3Q2,Germany,Germany,Part-Time,German,German,none,Germany,Male,Yes,Multiple times every day
5de4e2828480f0482509c077,5cfcdca9a2761c0001c65a89,APPROVED,2019-12-02 10:08:06.959000,2019-12-02 10:20:14.604000,727.645,26,85,0,100,2019-12-08 10:58:35.236000,HRWSB3Q2,Germany,Germany,Full-Time,German,"English, German",none,Germany,Female,Yes,Every day
5de4e2df983c27070b0cc56d,5d9747cb7e2c940016288bd4,APPROVED,2019-12-02 10:09:35.921000,2019-12-02 10:32:58.547000,1402.626,35,46,1,100,2019-12-08 10:58:36.191000,HRWSB3Q2,Germany,Germany,Part-Time,German,"Korean, German, English, Chinese",none,Germany,Male,Yes,2-6 times a week
5de4e6a231229a47e269987d,5c1e9f51cf15f7000165a552,APPROVED,2019-12-02 10:25:47.803000,2019-12-02 11:05:36.455000,2388.652,23,194,0,100,2019-12-08 10:58:37.125000,HRWSB3Q2,Germany,Germany,Other,Romanian,German,none,Germany,Male,Yes,Multiple times every day
5de4e89d70c53a07a1061d01,5b7e634d818ae60001ea096a,APPROVED,2019-12-02 10:34:07.656000,2019-12-02 10:56:48.563000,1360.907,31,50,1,100,2019-12-08 10:58:38.034000,HRWSB3Q2,Germany,Germany,Full-Time,German,"German, English",none,Germany,Male,No,Multiple times every day
5de4e94626b79d07b129b593,5c47f8f76d9ae80001a16d2f,APPROVED,2019-12-02 10:37:40.710000,2019-12-02 11:26:25.849000,2925.139,26,121,1,99,2019-12-08 10:58:38.905000,HRWSB3Q2,Mexico,Belgium,"Not in paid work (e.g. homemaker', 'retired or disabled)",Spanish,"German, Spanish, English",none,Mexico,Female,Yes,Multiple times every day
5de4e9a0c422d90757c0b121,5db050bee16e28001752bc92,APPROVED,2019-12-02 10:38:27.477000,2019-12-02 11:13:29.241000,2101.764,28,155,5,97,2019-12-08 10:58:39.829000,HRWSB3Q2,India,Germany,Unemployed (and job seeking),English,"English, Hindi, German",none,India,Male,No,Multiple times every day
5de8c8261abb50828ad7a0b7,5dab3128af18d30016c1500d,APPROVED,2019-12-05 09:04:38.215000,2019-12-05 09:43:05.080000,2306.865,27,108,1,100,2019-12-08 10:58:40.919000,HRWSB3Q2,India,Germany,Full-Time,English,"German, Hindi, English",none,India,Male,No,Multiple times every day
5de8c93ec3bd2882a43688b3,5aec63b67e56330001681c69,TIMED-OUT,2019-12-05 09:09:20.101000,,29655245.23954,38,224,1,100,,,Germany,Germany,Full-Time,German,"German, Serbian, English",none,Germany,Female,No,Multiple times every day
5de8ca7248241d82f93f2384,5d9739389e5b9a0018820f68,APPROVED,2019-12-05 09:17:57.492000,2019-12-05 09:35:29.860000,1052.368,30,157,1,100,2019-12-08 10:58:41.879000,HRWSB3Q2,Germany,Germany,Full-Time,German,"German, English",none,Germany,Female,No,Every day
5de8cab5a91be38391b3d3d8,5a0acda16e1ea9000124e675,APPROVED,2019-12-05 09:15:39.773000,2019-12-05 09:36:20.393000,1240.62,24,224,2,100,2019-12-08 10:58:42.815000,HRWSB3Q2,Germany,Germany,Part-Time,German,"English, German",none,Germany,Female,Yes,Every day
5de8cae943e90d82f8a5bbdd,5d8c96e60ef92e001a7b8876,APPROVED,2019-12-05 09:16:28.008000,2019-12-05 09:32:13.107000,945.099,26,265,2,100,2019-12-08 10:58:43.746000,HRWSB3Q2,Germany,Germany,Other,German,"German, English",none,Germany,Male,Yes,Multiple times every day
5de8ce825c744d8312538901,5da984359bc3dc0015715f9a,RETURNED,2019-12-05 09:31:53.341000,,29653892.545063,26,72,1,100,,,CONSENT REVOKED,CONSENT REVOKED,CONSENT REVOKED,CONSENT REVOKED,CONSENT REVOKED,CONSENT REVOKED,CONSENT REVOKED,CONSENT REVOKED,CONSENT REVOKED,CONSENT REVOKED
5de8d2a6429725844d625701,5c3b07f0688b59000102d44e,APPROVED,2019-12-05 09:49:28.554000,2019-12-05 10:06:59.072000,1050.518,37,306,0,100,2019-12-08 10:58:44.676000,HRWSB3Q2,Germany,Germany,"Not in paid work (e.g. homemaker', 'retired or disabled)",German,"German, English",none,Germany,Female,No,2-6 times a week
5de8dbef894929000c1e01e4,59ab14692ab6b80001a7dfe7,TIMED-OUT,2019-12-05 10:29:15.610000,,29650450.449504,26,118,0,100,,,Germany,Germany,Unemployed (and job seeking),German,"English, German",none,Germany,Female,Yes,Multiple times every day
5de8dc82787ce5000ca338ff,5be2cdef16d2e20001535bac,APPROVED,2019-12-05 10:31:34.452000,2019-12-05 10:54:31.016000,1376.564,31,58,0,100,2019-12-08 10:58:45.649000,HRWSB3Q2,Germany,Germany,Full-Time,German,"German, English",none,Germany,Female,Yes,Multiple times every day
5de8eb7e5a81d3010a8396d4,5da3789639ab220013243e61,APPROVED,2019-12-05 11:35:30.019000,2019-12-05 11:57:07.563000,1297.544,24,55,2,99,2019-12-08 10:58:46.712000,HRWSB3Q2,Germany,Germany,Part-Time,German,"German, French, English",none,Germany,Female,Yes,Multiple times every day
5debb0fa08cc0729e335e7e3,5a06ebf2c259f300017656ee,TIMED-OUT,2019-12-07 14:02:35.679000,,29464850.762647,23,167,0,100,,,Germany,Germany,Part-Time,German,"English, German",none,Germany,Male,Yes,Multiple times every day
5debb4ade045e22ac1aaa33a,5d88b3e0c3770300190dfe7f,APPROVED,2019-12-07 14:18:26.826000,2019-12-07 14:28:19.303000,592.477,28,150,1,100,2019-12-08 10:58:47.620000,HRWSB3Q2,Germany,Germany,Full-Time,German,"German, French, English",none,Germany,Female,Yes,Every day
5debb6fc5a45eb2981c8ef4e,5d22383d7c7c0b0016bf9858,APPROVED,2019-12-07 14:28:14.032000,2019-12-07 14:44:41.892000,987.86,26,63,0,100,2019-12-08 10:58:48.529000,HRWSB3Q2,Germany,Germany,Part-Time,German,"German, English",none,Germany,Male,Yes,2-6 times a week
5debbfa3ad8bbd2a884b5507,5d469e4b3641d60001b6866b,APPROVED,2019-12-07 15:05:09.617000,2019-12-07 15:28:50.164000,1420.547,41,109,1,100,2019-12-08 10:58:49.418000,HRWSB3Q2,Germany,Germany,Full-Time,German,"German, English",none,Germany,Male,No,Every day
5debc274b2caa12b59674c1e,5d9d5236a9b2be001650ad4a,APPROVED,2019-12-07 15:17:11.129000,2019-12-07 15:37:49.373000,1238.244,30,71,0,100,2019-12-08 10:58:50.417000,HRWSB3Q2,Germany,Germany,Full-Time,German,"German, English, Italian",none,Germany,Male,No,Every day
5debcdfbf375c62c328905c9,5d1f02889a2ac6001a652c51,TIMED-OUT,2019-12-07 16:06:21.494000,,29457425.846894,30,146,1,100,,,Germany,Germany,Full-Time,German,"English, German",none,Germany,Male,Yes,Multiple times every day
5debe47e2911272d210dd6ad,5973a554bfd3ae000163b016,APPROVED,2019-12-07 17:42:24.083000,2019-12-07 17:59:37.211000,1033.128,27,120,1,100,2019-12-08 10:58:51.342000,HRWSB3Q2,Germany,Germany,Full-Time,German,"English, German",not applicable,Germany,Male,No,Multiple times every day
5debfb543e57d12f2f7da47b,5ca27a1ce57be60015704811,APPROVED,2019-12-07 19:19:50.571000,2019-12-07 19:49:37.460000,1786.889,22,162,0,100,2019-12-08 10:58:52.496000,HRWSB3Q2,Germany,Germany,Due to start a new job within the next month,German,"German, English",none,Germany,Male,No,Every day
5debfbf7f335702f80a7f3f6,5d9a4fabc0255a00179c6a79,APPROVED,2019-12-07 19:22:34.579000,2019-12-07 19:38:11.450000,936.871,20,7,0,100,2019-12-08 10:58:53.408000,HRWSB3Q2,Germany,,Other,German,"German, English",none,Germany,Male,Yes,Multiple times every day
